{"ct_days": 27, "ct_days_meaningful": 22, "utm": [751884, 1441866], "latlon": [13.032360361200851, -12.677507188357882], "count": [71, 0], "video_count": 71, "image_count": 0, "dates": ["20210914", "20210914", "20210914", "20210915", "20210915", "20210915", "20210915", "20210915", "20210915", "20210915", "20210915", "20210915", "20210915", "20210915", "20210915", "20210915", "20210917", "20210917", "20210919", "20210919", "20210920", "20210921", "20210922", "20210922", "20210923", "20210923", "20210923", "20210923", "20210924", "20210924", "20210926", "20210927", "20210927", "20210929", "20210929", "20210929", "20210929", "20210929", "20210929", "20211001", "20211002", "20211003", "20211003", "20211004", "20211004", "20211004", "20211004", "20211006", "20211006", "20211006", "20211006", "20211007", "20211007", "20211007", "20211007", "20211007", "20211007", "20211007", "20211007", "20211008", "20211008", "20211008", "20211009", "20211009", "20211009", "20211009", "20211009", "20211009", "20211009", "20211010", "20211011"], "hours": [10, 10, 17, 9, 9, 10, 10, 10, 10, 10, 10, 10, 10, 13, 13, 18, 2, 3, 12, 12, 6, 3, 13, 13, 7, 7, 8, 8, 16, 16, 7, 12, 12, 11, 11, 11, 13, 13, 14, 11, 15, 5, 17, 8, 8, 12, 13, 0, 13, 14, 16, 5, 10, 10, 12, 12, 12, 12, 15, 6, 8, 17, 10, 11, 11, 14, 14, 16, 16, 6, 4], "unable_to_read": [[], []], "baboon_count": 184}