{"ct_days": 32, "ct_days_meaningful": 26, "utm": [747859, 1444373], "latlon": [13.055342183984884, -12.714390551490908], "count": [55, 22], "video_count": 77, "image_count": 270, "dates": ["20210706", "20210706", "20210706", "20210706", "20210706", "20210706", "20210706", "20210706", "20210706", "20210706", "20210706", "20210706", "20210706", "20210706", "20210706", "20210706", "20210706", "20210706", "20210706", "20210706", "20210706", "20210706", "20210706", "20210706", "20210706", "20210706", "20210706", "20210706", "20210706", "20210706", "20210706", "20210706", "20210706", "20210706", "20210706", "20210706", "20210706", "20210706", "20210706", "20210706", "20210707", "20210707", "20210707", "20210707", "20210709", "20210709", "20210709", "20210709", "20210709", "20210709", "20210709", "20210709", "20210710", "20210710", "20210710", "20210710", "20210710", "20210710", "20210710", "20210710", "20210710", "20210710", "20210710", "20210710", "20210710", "20210710", "20210710", "20210710", "20210710", "20210710", "20210710", "20210710", "20210712", "20210712", "20210712", "20210712", "20210712", "20210712", "20210712", "20210712", "20210712", "20210712", "20210712", "20210712", "20210712", "20210712", "20210712", "20210712", "20210713", "20210713", "20210713", "20210713", "20210713", "20210713", "20210713", "20210713", "20210713", "20210713", "20210713", "20210713", "20210713", "20210713", "20210713", "20210713", "20210713", "20210713", "20210713", "20210713", "20210713", "20210713", "20210713", "20210713", "20210713", "20210713", "20210713", "20210713", "20210713", "20210713", "20210713", "20210713", "20210713", "20210713", "20210713", "20210713", "20210713", "20210713", "20210713", "20210713", "20210713", "20210713", "20210713", "20210713", "20210715", "20210715", "20210715", "20210715", "20210715", "20210715", "20210715", "20210715", "20210715", "20210715", "20210715", "20210715", "20210716", "20210716", "20210716", "20210716", "20210716", "20210716", "20210716", "20210716", "20210716", "20210716", "20210716", "20210716", "20210716", "20210716", "20210716", "20210716", "20210716", "20210716", "20210716", "20210716", "20210717", "20210717", "20210717", "20210717", "20210717", "20210717", "20210717", "20210717", "20210717", "20210717", "20210717", "20210717", "20210718", "20210718", "20210718", "20210718", "20210718", "20210718", "20210718", "20210718", "20210718", "20210718", "20210718", "20210718", "20210718", "20210718", "20210718", "20210718", "20210718", "20210718", "20210718", "20210718", "20210718", "20210718", "20210718", "20210718", "20210718", "20210718", "20210718", "20210718", "20210720", "20210720", "20210720", "20210720", "20210720", "20210720", "20210720", "20210720", "20210721", "20210721", "20210721", "20210721", "20210722", "20210722", "20210722", "20210722", "20210722", "20210722", "20210722", "20210722", "20210722", "20210722", "20210722", "20210722", "20210723", "20210723", "20210723", "20210723", "20210724", "20210724", "20210724", "20210724", "20210724", "20210724", "20210724", "20210724", "20210725", "20210725", "20210725", "20210725", "20210725", "20210725", "20210725", "20210725", "20210725", "20210725", "20210725", "20210725", "20210725", "20210725", "20210725", "20210725", "20210726", "20210726", "20210726", "20210726", "20210726", "20210726", "20210726", "20210726", "20210727", "20210727", "20210727", "20210727", "20210727", "20210727", "20210727", "20210727", "20210727", "20210727", "20210727", "20210727", "20210727", "20210727", "20210727", "20210727", "20210727", "20210727", "20210727", "20210727", "20210727", "20210727", "20210727", "20210727", "20210727", "20210727", "20210727", "20210727", "20210728", "20210728", "20210728", "20210728", "20210728", "20210728", "20210728", "20210728", "20210729", "20210729", "20210729", "20210729", "20210731", "20210731", "20210731", "20210731", "20210731", "20210731", "20210731", "20210731", "20210801", "20210801", "20210801", "20210801", "20210801", "20210801", "20210801", "20210801", "20210802", "20210802", "20210802", "20210802", "20210803", "20210803", "20210803", "20210803", "20210803", "20210803", "20210803", "20210803", "20210806", "20210806", "20210806", "20210806", "20210806", "20210806", "20210806", "20210806", "20210807", "20210807", "20210807", "20210807", "20210807", "20210807", "20210807"], "hours": [9, 7, 18, 18, 18, 18, 18, 18, 18, 11, 13, 13, 19, 5, 6, 6, 6, 6, 11, 11, 11, 16, 16, 16, 13, 13, 19, 1, 16, 16, 16, 19, 12, 13, 18, 8, 8, 9, 12, 18, 21, 22, 9, 13, 17, 12, 12, 16, 4, 4, 4, 12, 14, 14, 14, 12, 20, 5, 5, 8, 9, 17, 22, 22, 6, 6, 13, 6, 13, 13, 16, 8, 14, 14, 7, 14, 7, 9, 9, 9, 9, 9, 9, 9, 9, 9, 9, 9, 9, 9, 9, 9, 9, 9, 9, 9, 9, 9, 9, 9, 9, 9, 9, 9, 9, 9, 9, 9, 9, 9, 9, 9, 9, 9, 9, 9, 7, 7, 7, 18, 18, 18, 18, 18, 18, 18, 18, 18, 18, 18, 18, 18, 18, 18, 18, 18, 18, 18, 18, 18, 11, 11, 11, 13, 13, 13, 13, 13, 13, 19, 19, 19, 5, 5, 5, 6, 6, 6, 6, 6, 6, 6, 6, 6, 6, 6, 6, 11, 11, 11, 11, 11, 11, 11, 11, 11, 16, 16, 16, 16, 16, 16, 16, 16, 16, 13, 13, 13, 13, 13, 13, 19, 19, 19, 1, 1, 1, 16, 16, 16, 16, 16, 16, 16, 16, 16, 19, 19, 19, 12, 12, 12, 13, 13, 13, 18, 18, 18, 8, 8, 8, 8, 8, 8, 9, 9, 9, 12, 12, 12, 18, 18, 18, 21, 21, 21, 22, 22, 22, 9, 9, 9, 13, 13, 13, 17, 17, 17, 12, 12, 12, 12, 12, 12, 16, 16, 16, 4, 4, 4, 4, 4, 4, 4, 4, 4, 12, 12, 12, 14, 14, 14, 14, 14, 14, 14, 14, 14, 12, 12, 12, 20, 20, 20, 5, 5, 5, 5, 5, 5, 8, 8, 8, 9, 9, 9, 17, 17, 17, 22, 22, 22, 22, 22, 22, 6, 6, 6, 6, 6, 6, 13, 13, 13, 6, 6, 6, 13, 13, 13, 13, 13, 13, 16, 16, 16, 8, 8, 8, 14, 14, 14, 14, 14, 14, 7, 7, 7, 14, 14, 14, 7, 7, 7, 8, 8, 8], "unable_to_read": [[], []], "baboon_count": 34}