{"ct_days": 28, "ct_days_meaningful": 11, "utm": [746410, 1442647], "latlon": [13.03986455391273, -12.727887438716133], "count": [19, 0], "video_count": 19, "image_count": 0, "dates": ["20210704", "20210704", "20210705", "20210705", "20210705", "20210707", "20210707", "20210709", "20210709", "20210712", "20210713", "20210715", "20210716", "20210717", "20210717", "20210717", "20210724", "20210724", "20210801"], "hours": [13, 13, 10, 10, 11, 16, 16, 9, 9, 17, 11, 14, 8, 9, 10, 10, 17, 17, 14], "unable_to_read": [[], []], "baboon_count": 7, "bushbuck_count": 0}