{"ct_days": 33, "ct_days_meaningful": 18, "utm": [747491, 1442649], "latlon": [13.039794993443714, -12.717925080591018], "count": [29, 10], "video_count": 39, "image_count": 0, "dates": ["20210807", "20210807", "20210807", "20210807", "20210809", "20210813", "20210816", "20210817", "20210819", "20210821", "20210821", "20210821", "20210821", "20210821", "20210821", "20210821", "20210821", "20210821", "20210821", "20210821", "20210822", "20210824", "20210824", "20210827", "20210827", "20210831", "20210901", "20210901", "20210902", "20210903", "20210904", "20210905", "20210908", "20210908", "20210909", "20210909", "20210909", "20210909", "20210909"], "hours": [11, 12, 12, 12, 17, 13, 14, 16, 15, 13, 18, 18, 19, 19, 19, 19, 19, 19, 19, 19, 12, 1, 12, 16, 16, 18, 9, 10, 10, 16, 17, 16, 9, 9, 6, 11, 11, 11, 11], "unable_to_read": [["./Batch3/Assirik/2021_7AOU_11SEP_ANTENNE_CAM1806_CARTE1806_747491_1442649/100EK113/09110040.MP4"], []], "baboon_count": 78, "bushbuck_count": 4}