{"ct_days": 35, "ct_days_meaningful": 28, "utm": [747796, 1443608], "latlon": [13.048435198598686, -12.715034707059676], "count": [62, 10], "video_count": 72, "image_count": 222, "dates": ["20210807", "20210807", "20210807", "20210807", "20210807", "20210807", "20210807", "20210807", "20210807", "20210807", "20210807", "20210807", "20210807", "20210807", "20210807", "20210807", "20210807", "20210807", "20210807", "20210807", "20210807", "20210807", "20210807", "20210808", "20210808", "20210808", "20210808", "20210808", "20210808", "20210808", "20210808", "20210808", "20210808", "20210808", "20210808", "20210809", "20210809", "20210809", "20210809", "20210810", "20210810", "20210810", "20210810", "20210812", "20210812", "20210812", "20210812", "20210814", "20210814", "20210814", "20210814", "20210815", "20210815", "20210815", "20210815", "20210815", "20210815", "20210815", "20210815", "20210816", "20210816", "20210816", "20210816", "20210816", "20210816", "20210816", "20210816", "20210816", "20210816", "20210816", "20210816", "20210816", "20210816", "20210816", "20210816", "20210816", "20210816", "20210816", "20210816", "20210816", "20210816", "20210816", "20210816", "20210816", "20210816", "20210816", "20210816", "20210816", "20210816", "20210816", "20210816", "20210816", "20210816", "20210816", "20210816", "20210817", "20210817", "20210817", "20210817", "20210819", "20210819", "20210819", "20210819", "20210820", "20210820", "20210820", "20210820", "20210820", "20210820", "20210820", "20210820", "20210820", "20210820", "20210820", "20210820", "20210820", "20210820", "20210820", "20210820", "20210821", "20210821", "20210821", "20210821", "20210821", "20210821", "20210821", "20210821", "20210821", "20210821", "20210821", "20210821", "20210821", "20210821", "20210821", "20210821", "20210823", "20210823", "20210823", "20210823", "20210823", "20210823", "20210823", "20210823", "20210823", "20210823", "20210823", "20210823", "20210825", "20210825", "20210825", "20210825", "20210825", "20210825", "20210825", "20210825", "20210827", "20210827", "20210827", "20210827", "20210827", "20210827", "20210827", "20210827", "20210828", "20210828", "20210828", "20210828", "20210828", "20210828", "20210828", "20210828", "20210828", "20210828", "20210828", "20210828", "20210829", "20210829", "20210829", "20210829", "20210829", "20210829", "20210829", "20210829", "20210830", "20210830", "20210830", "20210830", "20210831", "20210831", "20210831", "20210831", "20210831", "20210831", "20210831", "20210831", "20210831", "20210831", "20210831", "20210831", "20210902", "20210902", "20210902", "20210902", "20210903", "20210903", "20210903", "20210903", "20210903", "20210903", "20210903", "20210903", "20210904", "20210904", "20210904", "20210904", "20210904", "20210904", "20210904", "20210904", "20210904", "20210904", "20210904", "20210904", "20210904", "20210904", "20210904", "20210904", "20210904", "20210904", "20210904", "20210904", "20210904", "20210904", "20210904", "20210904", "20210904", "20210904", "20210904", "20210904", "20210904", "20210904", "20210904", "20210904", "20210905", "20210905", "20210905", "20210905", "20210905", "20210905", "20210905", "20210905", "20210907", "20210907", "20210907", "20210907", "20210907", "20210907", "20210907", "20210907", "20210908", "20210908", "20210908", "20210908", "20210909", "20210909", "20210909", "20210909", "20210910", "20210910", "20210910", "20210910", "20210910", "20210910", "20210910", "20210910", "20210910", "20210910", "20210910", "20210910", "20210910", "20210910", "20210910", "20210910", "20210910", "20210910", "20210910", "20210910", "20210910", "20210910", "20210910", "20210910", "20210911", "20210911", "20210911"], "hours": [9, 9, 9, 9, 13, 8, 17, 17, 7, 16, 7, 12, 2, 15, 7, 14, 14, 14, 14, 14, 14, 14, 14, 14, 9, 4, 9, 9, 9, 13, 14, 15, 16, 7, 23, 23, 10, 19, 10, 10, 7, 11, 17, 0, 0, 15, 10, 12, 15, 13, 9, 23, 9, 12, 12, 13, 13, 13, 13, 13, 9, 21, 9, 15, 8, 17, 2, 11, 12, 12, 13, 13, 9, 9, 9, 9, 9, 9, 9, 9, 9, 9, 9, 9, 9, 9, 9, 13, 13, 13, 8, 8, 8, 17, 17, 17, 17, 17, 17, 7, 7, 7, 16, 16, 16, 7, 7, 7, 12, 12, 12, 2, 2, 2, 15, 15, 15, 7, 7, 7, 14, 14, 14, 14, 14, 14, 14, 14, 14, 14, 14, 14, 14, 14, 14, 14, 14, 14, 14, 14, 14, 14, 14, 14, 14, 14, 14, 9, 9, 9, 4, 4, 4, 9, 9, 9, 9, 9, 9, 9, 9, 9, 13, 13, 13, 14, 14, 14, 15, 15, 15, 16, 16, 16, 7, 7, 7, 23, 23, 23, 23, 23, 23, 10, 10, 10, 19, 19, 19, 10, 10, 10, 10, 10, 10, 7, 7, 7, 11, 11, 11, 17, 17, 17, 0, 0, 0, 0, 0, 0, 15, 15, 15, 10, 10, 10, 12, 12, 12, 15, 15, 15, 13, 13, 13, 9, 9, 9, 23, 23, 23, 9, 9, 9, 12, 12, 12, 12, 12, 12, 13, 13, 13, 13, 13, 13, 13, 13, 13, 13, 13, 13, 13, 13, 13, 9, 9, 9, 21, 21, 21, 9, 9, 9, 15, 15, 15, 8, 8, 8, 17, 17, 17, 2, 2, 2, 11, 11, 11, 12, 12, 12, 12, 12, 12, 13, 13, 13, 13, 13, 13, 9, 9, 9], "unable_to_read": [[], []], "baboon_count": 7, "bushbuck_count": 0}