{"ct_days": 34, "ct_days_meaningful": 34, "utm": [752072, 1442409], "latlon": [13.03725093829008, -12.675728934066727], "count": [0, 131], "video_count": 131, "image_count": 393, "dates": ["20210702", "20210702", "20210702", "20210702", "20210702", "20210702", "20210702", "20210702", "20210702", "20210702", "20210702", "20210702", "20210702", "20210702", "20210702", "20210702", "20210702", "20210702", "20210702", "20210702", "20210703", "20210703", "20210703", "20210703", "20210703", "20210703", "20210703", "20210703", "20210703", "20210703", "20210703", "20210703", "20210704", "20210704", "20210704", "20210704", "20210704", "20210704", "20210704", "20210704", "20210704", "20210704", "20210704", "20210704", "20210704", "20210704", "20210704", "20210704", "20210704", "20210704", "20210704", "20210704", "20210706", "20210706", "20210706", "20210706", "20210706", "20210706", "20210706", "20210706", "20210706", "20210706", "20210706", "20210706", "20210707", "20210707", "20210707", "20210707", "20210707", "20210707", "20210707", "20210707", "20210708", "20210708", "20210708", "20210708", "20210708", "20210708", "20210708", "20210708", "20210708", "20210708", "20210708", "20210708", "20210709", "20210709", "20210709", "20210709", "20210709", "20210709", "20210709", "20210709", "20210709", "20210709", "20210709", "20210709", "20210709", "20210709", "20210709", "20210709", "20210709", "20210709", "20210709", "20210709", "20210709", "20210709", "20210709", "20210709", "20210709", "20210709", "20210709", "20210709", "20210709", "20210709", "20210709", "20210709", "20210709", "20210709", "20210709", "20210709", "20210710", "20210710", "20210710", "20210710", "20210710", "20210710", "20210710", "20210710", "20210710", "20210710", "20210710", "20210710", "20210710", "20210710", "20210710", "20210710", "20210711", "20210711", "20210711", "20210711", "20210711", "20210711", "20210711", "20210711", "20210712", "20210712", "20210712", "20210712", "20210712", "20210712", "20210712", "20210712", "20210712", "20210712", "20210712", "20210712", "20210713", "20210713", "20210713", "20210713", "20210713", "20210713", "20210713", "20210713", "20210713", "20210713", "20210713", "20210713", "20210713", "20210713", "20210713", "20210713", "20210713", "20210713", "20210713", "20210713", "20210713", "20210713", "20210713", "20210713", "20210713", "20210713", "20210713", "20210713", "20210714", "20210714", "20210714", "20210714", "20210714", "20210714", "20210714", "20210714", "20210714", "20210714", "20210714", "20210714", "20210715", "20210715", "20210715", "20210715", "20210715", "20210715", "20210715", "20210715", "20210715", "20210715", "20210715", "20210715", "20210715", "20210715", "20210715", "20210715", "20210715", "20210715", "20210715", "20210715", "20210715", "20210715", "20210715", "20210715", "20210715", "20210715", "20210715", "20210715", "20210715", "20210715", "20210715", "20210715", "20210715", "20210715", "20210715", "20210715", "20210716", "20210716", "20210716", "20210716", "20210716", "20210716", "20210716", "20210716", "20210716", "20210716", "20210716", "20210716", "20210716", "20210716", "20210716", "20210716", "20210717", "20210717", "20210717", "20210717", "20210717", "20210717", "20210717", "20210717", "20210717", "20210717", "20210717", "20210717", "20210717", "20210717", "20210717", "20210717", "20210718", "20210718", "20210718", "20210718", "20210718", "20210718", "20210718", "20210718", "20210718", "20210718", "20210718", "20210718", "20210719", "20210719", "20210719", "20210719", "20210719", "20210719", "20210719", "20210719", "20210719", "20210719", "20210719", "20210719", "20210719", "20210719", "20210719", "20210719", "20210720", "20210720", "20210720", "20210720", "20210720", "20210720", "20210720", "20210720", "20210720", "20210720", "20210720", "20210720", "20210720", "20210720", "20210720", "20210720", "20210720", "20210720", "20210720", "20210720", "20210721", "20210721", "20210721", "20210721", "20210721", "20210721", "20210721", "20210721", "20210721", "20210721", "20210721", "20210721", "20210721", "20210721", "20210721", "20210721", "20210722", "20210722", "20210722", "20210722", "20210722", "20210722", "20210722", "20210722", "20210722", "20210722", "20210722", "20210722", "20210722", "20210722", "20210722", "20210722", "20210722", "20210722", "20210722", "20210722", "20210722", "20210722", "20210722", "20210722", "20210723", "20210723", "20210723", "20210723", "20210723", "20210723", "20210723", "20210723", "20210723", "20210723", "20210723", "20210723", "20210723", "20210723", "20210723", "20210723", "20210724", "20210724", "20210724", "20210724", "20210724", "20210724", "20210724", "20210724", "20210724", "20210724", "20210724", "20210724", "20210724", "20210724", "20210724", "20210724", "20210724", "20210724", "20210724", "20210724", "20210724", "20210724", "20210724", "20210724", "20210725", "20210725", "20210725", "20210725", "20210725", "20210725", "20210725", "20210725", "20210726", "20210726", "20210726", "20210726", "20210726", "20210726", "20210726", "20210726", "20210727", "20210727", "20210727", "20210727", "20210727", "20210727", "20210727", "20210727", "20210728", "20210728", "20210728", "20210728", "20210728", "20210728", "20210728", "20210728", "20210728", "20210728", "20210728", "20210728", "20210729", "20210729", "20210729", "20210729", "20210729", "20210729", "20210729", "20210729", "20210729", "20210729", "20210729", "20210729", "20210729", "20210729", "20210729", "20210729", "20210729", "20210729", "20210729", "20210729", "20210729", "20210729", "20210729", "20210729", "20210729", "20210729", "20210729", "20210729", "20210729", "20210729", "20210729", "20210729", "20210729", "20210729", "20210729", "20210729", "20210730", "20210730", "20210730", "20210730", "20210730", "20210730", "20210730", "20210730", "20210731", "20210731", "20210731", "20210731", "20210731", "20210731", "20210731", "20210731", "20210731", "20210731", "20210731", "20210731", "20210731", "20210731", "20210731", "20210731", "20210801", "20210801", "20210801", "20210801", "20210801", "20210801", "20210801", "20210801", "20210801", "20210801", "20210801", "20210801", "20210802", "20210802", "20210802", "20210802", "20210802", "20210802", "20210802", "20210802", "20210802", "20210802", "20210802", "20210802", "20210803", "20210803", "20210803", "20210803", "20210804", "20210804", "20210804", "20210804", "20210805", "20210805", "20210805", "20210805"],