{"ct_days": 36, "ct_days_meaningful": 27, "utm": [751893, 1441868], "latlon": [13.032377687922784, -12.677424083461386], "count": [67, 0], "video_count": 67, "image_count": 0, "dates": ["20210806", "20210806", "20210806", "20210806", "20210806", "20210806", "20210806", "20210807", "20210808", "20210808", "20210808", "20210809", "20210809", "20210811", "20210811", "20210811", "20210812", "20210813", "20210813", "20210814", "20210814", "20210814", "20210817", "20210817", "20210818", "20210818", "20210820", "20210820", "20210823", "20210823", "20210823", "20210824", "20210825", "20210826", "20210826", "20210826", "20210826", "20210826", "20210827", "20210827", "20210827", "20210828", "20210828", "20210829", "20210829", "20210830", "20210830", "20210830", "20210830", "20210830", "20210830", "20210831", "20210831", "20210902", "20210902", "20210902", "20210905", "20210905", "20210906", "20210906", "20210906", "20210907", "20210908", "20210910", "20210911", "20210911", "20210911"], "hours": [10, 10, 10, 10, 11, 13, 13, 12, 9, 22, 22, 12, 12, 10, 10, 23, 9, 13, 14, 1, 1, 2, 17, 23, 2, 13, 2, 4, 6, 11, 19, 13, 7, 13, 15, 15, 15, 15, 16, 16, 16, 11, 15, 17, 18, 8, 11, 11, 11, 11, 11, 13, 13, 7, 7, 7, 13, 19, 14, 14, 15, 2, 13, 17, 11, 11, 15], "unable_to_read": [[], []]}