{"ct_days": 34, "ct_days_meaningful": 30, "utm": [747848, 1442645], "latlon": [13.039729827295147, -12.714635416556513], "count": [94, 9], "video_count": 103, "image_count": 0, "dates": ["20210703", "20210703", "20210703", "20210704", "20210704", "20210704", "20210704", "20210704", "20210704", "20210704", "20210704", "20210705", "20210705", "20210705", "20210705", "20210705", "20210705", "20210705", "20210705", "20210705", "20210705", "20210705", "20210705", "20210705", "20210705", "20210705", "20210705", "20210705", "20210706", "20210706", "20210706", "20210706", "20210707", "20210708", "20210709", "20210710", "20210710", "20210710", "20210712", "20210712", "20210713", "20210714", "20210714", "20210714", "20210716", "20210716", "20210717", "20210717", "20210718", "20210718", "20210719", "20210721", "20210721", "20210721", "20210721", "20210722", "20210722", "20210722", "20210723", "20210723", "20210723", "20210723", "20210723", "20210723", "20210724", "20210724", "20210724", "20210725", "20210725", "20210725", "20210726", "20210727", "20210729", "20210729", "20210729", "20210729", "20210729", "20210729", "20210729", "20210729", "20210729", "20210730", "20210730", "20210731", "20210731", "20210801", "20210802", "20210802", "20210802", "20210802", "20210802", "20210802", "20210802", "20210802", "20210802", "20210802", "20210802", "20210803", "20210803", "20210804", "20210804", "20210806", "20210806"], "hours": [10, 14, 16, 2, 4, 7, 8, 8, 10, 10, 17, 1, 7, 7, 7, 7, 7, 8, 8, 8, 8, 8, 8, 8, 8, 9, 10, 15, 8, 8, 11, 14, 9, 13, 0, 7, 11, 13, 11, 14, 16, 7, 10, 13, 8, 9, 14, 14, 6, 7, 8, 3, 6, 8, 13, 12, 16, 16, 10, 11, 11, 11, 12, 12, 10, 10, 10, 12, 12, 16, 10, 0, 10, 11, 13, 13, 14, 14, 14, 14, 15, 8, 16, 14, 23, 13, 14, 14, 15, 15, 15, 15, 15, 15, 15, 16, 17, 9, 15, 14, 21, 18, 19], "unable_to_read": [["./Batch3/Assirik/2021_3JUIL_7AOU_ANTENNE_CAM1806_CARTE8_747848_1442645/100EK113/08070104.MP4"], []]}