{"ct_days": 26, "ct_days_meaningful": 23, "utm": [751604, 1442565], "latlon": [13.038699115454477, -12.680028570256212], "count": [47, 16], "video_count": 63, "image_count": 0, "dates": ["20210913", "20210913", "20210913", "20210914", "20210914", "20210915", "20210915", "20210915", "20210915", "20210915", "20210916", "20210916", "20210916", "20210916", "20210916", "20210917", "20210917", "20210917", "20210918", "20210918", "20210918", "20210919", "20210920", "20210922", "20210922", "20210922", "20210922", "20210922", "20210922", "20210922", "20210922", "20210922", "20210922", "20210922", "20210922", "20210923", "20210925", "20210926", "20210926", "20210926", "20210926", "20210926", "20210926", "20210927", "20210927", "20210927", "20210927", "20210927", "20210928", "20210928", "20210929", "20210930", "20211001", "20211001", "20211003", "20211004", "20211006", "20211006", "20211007", "20211007", "20211008", "20211008", "20211009"], "hours": [8, 8, 8, 13, 13, 0, 12, 12, 13, 23, 0, 9, 11, 20, 20, 9, 12, 17, 11, 21, 22, 11, 11, 10, 10, 10, 10, 10, 10, 10, 10, 11, 12, 16, 16, 7, 9, 12, 15, 15, 15, 15, 15, 6, 7, 7, 10, 10, 8, 8, 7, 20, 14, 14, 3, 9, 13, 13, 2, 19, 13, 15, 16], "unable_to_read": [["./Batch3/Assirik/2021_13SEP_10OCT_ANTENNE_CAM1806_CARTE1806_751604_1442565/10100065.MP4"], []]}