{"ct_days": 35, "ct_days_meaningful": 16, "utm": [802357, 1402525], "latlon": [12.672442394367302, -12.21639612543408], "count": [193, 16], "video_count": 209, "image_count": 0, "dates": ["20210815", "20210815", "20210816", "20210816", "20210816", "20210816", "20210816", "20210816", "20210816", "20210816", "20210826", "20210830", "20210830", "20210830", "20210830", "20210830", "20210830", "20210830", "20210830", "20210830", "20210830", "20210830", "20210830", "20210830", "20210830", "20210902", "20210902", "20210902", "20210902", "20210905", "20210905", "20210905", "20210906", "20210906", "20210906", "20210906", "20210906", "20210906", "20210906", "20210906", "20210906", "20210906", "20210906", "20210906", "20210906", "20210906", "20210906", "20210906", "20210907", "20210907", "20210907", "20210907", "20210907", "20210907", "20210907", "20210907", "20210907", "20210907", "20210907", "20210907", "20210907", "20210907", "20210907", "20210907", "20210907", "20210907", "20210907", "20210907", "20210907", "20210907", "20210907", "20210907", "20210907", "20210912", "20210912", "20210912", "20210912", "20210912", "20210912", "20210912", "20210912", "20210912", "20210912", "20210912", "20210912", "20210912", "20210912", "20210912", "20210912", "20210912", "20210912", "20210912", "20210912", "20210912", "20210912", "20210912", "20210912", "20210912", "20210913", "20210913", "20210914", "20210914", "20210914", "20210914", "20210914", "20210914", "20210914", "20210914", "20210914", "20210914", "20210915", "20210915", "20210915", "20210915", "20210915", "20210915", "20210915", "20210916", "20210916", "20210916", "20210916", "20210916", "20210916", "20210916", "20210916", "20210916", "20210916", "20210916", "20210916", "20210916", "20210916", "20210916", "20210916", "20210916", "20210916", "20210916", "20210916", "20210916", "20210916", "20210916", "20210916", "20210916", "20210916", "20210916", "20210916", "20210916", "20210916", "20210916", "20210916", "20210916", "20210916", "20210916", "20210916", "20210916", "20210916", "20210916", "20210916", "20210916", "20210916", "20210916", "20210916", "20210916", "20210916", "20210916", "20210916", "20210916", "20210916", "20210916", "20210916", "20210916", "20210916", "20210916", "20210916", "20210916", "20210916", "20210916", "20210916", "20210916", "20210916", "20210916", "20210916", "20210916", "20210917", "20210917", "20210917", "20210917", "20210917", "20210917", "20210917", "20210918", "20210918", "20210918", "20210918", "20210918", "20210918", "20210919", "20210919", "20210919", "20210919", "20210919", "20210919", "20210919", "20210919", "20210919", "20210919", "20210919", "20210919", "20210919", "20210919"], "hours": [15, 15, 7, 8, 8, 8, 8, 8, 8, 8, 19, 19, 20, 20, 20, 20, 20, 20, 20, 20, 20, 20, 20, 20, 20, 16, 16, 16, 16, 11, 11, 15, 14, 14, 14, 14, 14, 14, 14, 15, 15, 15, 15, 15, 15, 15, 15, 15, 11, 11, 11, 11, 12, 12, 12, 12, 12, 12, 12, 12, 12, 13, 13, 13, 13, 13, 13, 14, 14, 15, 15, 15, 15, 11, 11, 11, 11, 12, 12, 12, 12, 12, 12, 12, 13, 13, 14, 14, 14, 14, 14, 14, 14, 14, 14, 14, 14, 15, 16, 16, 9, 10, 11, 11, 11, 11, 12, 12, 12, 12, 10, 10, 10, 10, 10, 12, 12, 10, 10, 10, 10, 10, 10, 10, 10, 10, 10, 11, 11, 11, 11, 11, 11, 11, 11, 11, 11, 11, 11, 11, 11, 11, 11, 11, 11, 11, 11, 11, 11, 11, 11, 11, 11, 12, 12, 12, 12, 12, 12, 12, 12, 12, 12, 12, 12, 12, 12, 12, 12, 12, 12, 12, 12, 12, 13, 13, 13, 13, 13, 13, 14, 14, 10, 10, 11, 11, 14, 14, 14, 11, 11, 12, 12, 12, 12, 11, 11, 11, 11, 12, 12, 12, 12, 14, 14, 14, 14, 14, 14], "unable_to_read": [[], []], "baboon_count": 0}