{"ct_days": 36, "ct_days_meaningful": 6, "utm": [802357, 1402525], "latlon": [12.672442394367302, -12.21639612543408], "count": [2, 4], "video_count": 6, "image_count": 0, "dates": ["20210815", "20210826", "20210827", "20210904", "20210905", "20210920"], "hours": [17, 19, 8, 21, 0, 11], "unable_to_read": [[], []], "baboon_count": 0}