{"ct_days": 30, "ct_days_meaningful": 6, "utm": [801588, 1400410], "latlon": [12.653413139231725, -12.223676783519299], "count": [6, 52], "video_count": 58, "image_count": 0, "dates": ["20210818", "20210830", "20210830", "20210830", "20210830", "20210830", "20210830", "20210830", "20210830", "20210830", "20210830", "20210830", "20210830", "20210830", "20210830", "20210908", "20210908", "20210912", "20210912", "20210912", "20210912", "20210912", "20210912", "20210912", "20210912", "20210912", "20210912", "20210912", "20210912", "20210912", "20210912", "20210912", "20210912", "20210912", "20210912", "20210912", "20210912", "20210912", "20210912", "20210912", "20210912", "20210912", "20210914", "20210914", "20210914", "20210914", "20210914", "20210914", "20210914", "20210914", "20210914", "20210914", "20210914", "20210914", "20210914", "20210917", "20210917", "20210917"], "hours": [10, 5, 5, 5, 5, 5, 5, 5, 5, 5, 5, 5, 5, 5, 5, 17, 17, 1, 1, 1, 1, 1, 1, 1, 1, 1, 1, 1, 1, 1, 17, 17, 17, 17, 17, 17, 17, 17, 18, 18, 18, 18, 3, 3, 3, 3, 3, 4, 4, 4, 4, 4, 4, 4, 4, 11, 11, 11], "unable_to_read": [[], []], "baboon_count": 0}