{"ct_days": 36, "ct_days_meaningful": 33, "utm": [801694, 1403406], "latlon": [12.680463611473195, -12.22240860523099], "count": [219, 8], "video_count": 227, "image_count": 0, "dates": ["20210815", "20210815", "20210817", "20210817", "20210817", "20210817", "20210817", "20210817", "20210817", "20210817", "20210818", "20210818", "20210818", "20210818", "20210819", "20210819", "20210820", "20210820", "20210820", "20210820", "20210821", "20210821", "20210821", "20210821", "20210821", "20210821", "20210821", "20210821", "20210821", "20210821", "20210821", "20210821", "20210821", "20210821", "20210821", "20210822", "20210822", "20210822", "20210822", "20210822", "20210823", "20210823", "20210823", "20210823", "20210823", "20210823", "20210823", "20210823", "20210823", "20210823", "20210823", "20210823", "20210823", "20210823", "20210823", "20210823", "20210823", "20210823", "20210824", "20210824", "20210825", "20210825", "20210825", "20210825", "20210825", "20210825", "20210825", "20210825", "20210826", "20210827", "20210827", "20210827", "20210827", "20210827", "20210827", "20210827", "20210827", "20210827", "20210827", "20210827", "20210827", "20210827", "20210827", "20210827", "20210827", "20210827", "20210827", "20210827", "20210827", "20210827", "20210827", "20210828", "20210828", "20210828", "20210828", "20210829", "20210829", "20210829", "20210829", "20210830", "20210830", "20210830", "20210830", "20210830", "20210830", "20210830", "20210830", "20210830", "20210830", "20210830", "20210830", "20210830", "20210831", "20210831", "20210831", "20210831", "20210831", "20210831", "20210831", "20210831", "20210831", "20210831", "20210831", "20210831", "20210831", "20210831", "20210831", "20210831", "20210831", "20210831", "20210831", "20210831", "20210831", "20210831", "20210831", "20210831", "20210831", "20210901", "20210902", "20210902", "20210902", "20210902", "20210902", "20210902", "20210902", "20210903", "20210903", "20210903", "20210903", "20210903", "20210903", "20210903", "20210905", "20210907", "20210907", "20210907", "20210907", "20210907", "20210907", "20210907", "20210907", "20210907", "20210907", "20210907", "20210907", "20210907", "20210907", "20210907", "20210907", "20210907", "20210908", "20210909", "20210909", "20210909", "20210909", "20210909", "20210909", "20210909", "20210909", "20210911", "20210911", "20210912", "20210913", "20210913", "20210914", "20210914", "20210914", "20210914", "20210914", "20210914", "20210914", "20210914", "20210914", "20210914", "20210914", "20210915", "20210916", "20210916", "20210916", "20210916", "20210916", "20210916", "20210916", "20210916", "20210916", "20210916", "20210916", "20210916", "20210916", "20210916", "20210916", "20210916", "20210916", "20210916", "20210916", "20210916", "20210916", "20210916", "20210917", "20210918", "20210918", "20210918", "20210919", "20210919", "20210919", "20210919", "20210920"], "hours": [13, 14, 8, 12, 13, 15, 16, 18, 18, 19, 11, 11, 11, 11, 10, 10, 11, 21, 21, 22, 10, 10, 11, 11, 12, 12, 12, 13, 13, 13, 13, 14, 14, 16, 17, 7, 7, 9, 9, 12, 8, 8, 9, 10, 12, 12, 12, 14, 14, 14, 14, 15, 15, 15, 16, 16, 17, 17, 9, 11, 9, 10, 13, 13, 13, 13, 15, 17, 10, 14, 15, 15, 15, 15, 15, 16, 16, 16, 16, 16, 16, 16, 16, 16, 17, 17, 17, 17, 17, 17, 17, 9, 10, 16, 17, 13, 13, 17, 17, 10, 10, 10, 10, 10, 13, 13, 13, 15, 15, 15, 16, 16, 8, 8, 9, 11, 13, 13, 13, 13, 13, 13, 13, 13, 13, 13, 13, 13, 16, 16, 16, 16, 16, 16, 16, 16, 16, 17, 11, 13, 14, 14, 14, 15, 16, 8, 12, 14, 14, 14, 14, 14, 17, 8, 8, 9, 15, 15, 16, 16, 16, 16, 16, 16, 16, 16, 16, 17, 17, 17, 16, 8, 8, 9, 9, 10, 10, 11, 11, 14, 15, 14, 7, 16, 12, 12, 12, 13, 16, 16, 17, 17, 17, 17, 17, 20, 10, 10, 10, 11, 11, 11, 11, 11, 11, 12, 12, 12, 12, 12, 12, 12, 13, 13, 17, 17, 17, 17, 16, 12, 13, 16, 13, 14, 14, 14, 12], "unable_to_read": [[], []], "baboon_count": 0}