{"ct_days": 32, "ct_days_meaningful": 8, "utm": [801694, 1403406], "latlon": [12.680463611473195, -12.22240860523099], "count": [8, 4], "video_count": 12, "image_count": 0, "dates": ["20210815", "20210815", "20210815", "20210822", "20210904", "20210907", "20210908", "20210911", "20210911", "20210912", "20210912", "20210916"], "hours": [13, 13, 13, 11, 8, 14, 1, 9, 13, 14, 17, 23], "unable_to_read": [[], []], "baboon_count": 0}