{"ct_days": 36, "ct_days_meaningful": 7, "utm": [800537, 1403597], "latlon": [12.68229986885382, -12.23303331089979], "count": [32, 20], "video_count": 52, "image_count": 0, "dates": ["20210815", "20210815", "20210815", "20210815", "20210815", "20210819", "20210819", "20210819", "20210829", "20210829", "20210829", "20210829", "20210829", "20210829", "20210829", "20210829", "20210829", "20210829", "20210829", "20210829", "20210829", "20210829", "20210829", "20210829", "20210829", "20210829", "20210829", "20210829", "20210829", "20210829", "20210829", "20210829", "20210829", "20210901", "20210901", "20210901", "20210901", "20210901", "20210901", "20210901", "20210901", "20210901", "20210901", "20210901", "20210901", "20210902", "20210902", "20210902", "20210916", "20210916", "20210916", "20210920"], "hours": [9, 9, 9, 13, 13, 10, 10, 10, 18, 18, 18, 18, 18, 18, 18, 18, 18, 18, 18, 18, 18, 18, 18, 18, 18, 18, 18, 18, 18, 18, 18, 18, 18, 7, 7, 7, 7, 7, 7, 7, 7, 12, 12, 17, 17, 9, 9, 9, 12, 12, 12, 9], "unable_to_read": [[], []], "baboon_count": 0}