{"ct_days": 36, "ct_days_meaningful": 8, "utm": [800555, 1405391], "latlon": [12.69850212662553, -12.23269247981531], "count": [11, 17], "video_count": 28, "image_count": 0, "dates": ["20210815", "20210815", "20210823", "20210901", "20210901", "20210901", "20210902", "20210907", "20210907", "20210914", "20210914", "20210917", "20210917", "20210917", "20210917", "20210917", "20210917", "20210917", "20210917", "20210917", "20210917", "20210917", "20210917", "20210917", "20210917", "20210917", "20210917", "20210920"], "hours": [11, 11, 17, 14, 14, 14, 16, 8, 17, 18, 18, 2, 2, 2, 2, 2, 2, 2, 2, 2, 2, 2, 2, 2, 2, 2, 2, 13], "unable_to_read": [[], []], "baboon_count": 0}