{"ct_days": 32, "ct_days_meaningful": 11, "utm": [800537, 1403597], "latlon": [12.68229986885382, -12.23303331089979], "count": [0, 0], "video_count": 0, "image_count": 31, "dates": ["20210815", "20210815", "20210815", "20210815", "20210815", "20210815", "20210815", "20210815", "20210816", "20210818", "20210819", "20210819", "20210819", "20210903", "20210905", "20210908", "20210908", "20210908", "20210910", "20210911", "20210911", "20210911", "20210913", "20210916", "20210916", "20210916", "20210916", "20210916", "20210916", "20210916", "20210916"], "hours": [9, 9, 9, 9, 9, 9, 9, 9, 8, 7, 7, 7, 7, 14, 12, 12, 12, 12, 16, 8, 8, 8, 19, 8, 8, 8, 8, 8, 18, 18, 19], "unable_to_read": [[], []], "baboon_count": 0, "bushbuck_count": 0}