{"ct_days": 33, "ct_days_meaningful": 22, "utm": [806676, 1401224], "latlon": [12.660272831736728, -12.17679700058559], "count": [78, 10], "video_count": 88, "image_count": 0, "dates": ["20210818", "20210819", "20210819", "20210819", "20210819", "20210823", "20210823", "20210824", "20210826", "20210826", "20210827", "20210829", "20210829", "20210830", "20210830", "20210830", "20210901", "20210901", "20210902", "20210902", "20210902", "20210903", "20210903", "20210903", "20210906", "20210907", "20210907", "20210908", "20210908", "20210908", "20210908", "20210908", "20210908", "20210908", "20210908", "20210908", "20210908", "20210909", "20210909", "20210909", "20210909", "20210912", "20210912", "20210912", "20210912", "20210913", "20210913", "20210913", "20210913", "20210913", "20210913", "20210913", "20210913", "20210913", "20210914", "20210914", "20210915", "20210915", "20210915", "20210915", "20210915", "20210915", "20210915", "20210915", "20210915", "20210915", "20210915", "20210915", "20210915", "20210915", "20210915", "20210915", "20210915", "20210916", "20210916", "20210916", "20210916", "20210916", "20210916", "20210916", "20210916", "20210916", "20210916", "20210916", "20210916", "20210916", "20210918", "20210920"], "hours": [12, 18, 18, 18, 18, 13, 14, 19, 14, 15, 11, 13, 15, 13, 13, 18, 12, 14, 6, 11, 12, 14, 14, 17, 14, 11, 12, 10, 10, 11, 12, 12, 12, 12, 14, 14, 15, 7, 7, 7, 7, 7, 10, 11, 11, 9, 9, 11, 12, 13, 13, 13, 14, 14, 6, 6, 6, 11, 11, 11, 11, 11, 11, 11, 11, 12, 12, 12, 12, 12, 12, 13, 13, 11, 11, 12, 13, 13, 13, 14, 14, 14, 14, 14, 14, 14, 13, 11], "unable_to_read": [[], []], "baboon_count": 0, "bushbuck_count": 0}