{"ct_days": 28, "ct_days_meaningful": 18, "utm": [801588, 1400410], "latlon": [12.653413139231725, -12.223676783519299], "count": [63, 190], "video_count": 253, "image_count": 0, "dates": ["20210818", "20210818", "20210818", "20210818", "20210818", "20210818", "20210818", "20210818", "20210818", "20210818", "20210818", "20210818", "20210818", "20210818", "20210818", "20210818", "20210818", "20210818", "20210818", "20210818", "20210818", "20210818", "20210818", "20210819", "20210819", "20210819", "20210819", "20210819", "20210819", "20210819", "20210819", "20210819", "20210819", "20210819", "20210819", "20210819", "20210819", "20210819", "20210819", "20210819", "20210819", "20210819", "20210821", "20210821", "20210821", "20210822", "20210822", "20210822", "20210822", "20210822", "20210822", "20210822", "20210822", "20210822", "20210822", "20210822", "20210822", "20210822", "20210822", "20210822", "20210822", "20210822", "20210822", "20210822", "20210822", "20210822", "20210822", "20210822", "20210822", "20210822", "20210822", "20210822", "20210822", "20210822", "20210823", "20210823", "20210823", "20210824", "20210824", "20210824", "20210825", "20210825", "20210825", "20210825", "20210825", "20210825", "20210825", "20210825", "20210825", "20210825", "20210825", "20210825", "20210825", "20210825", "20210826", "20210826", "20210826", "20210828", "20210828", "20210828", "20210828", "20210828", "20210828", "20210828", "20210828", "20210828", "20210828", "20210828", "20210828", "20210828", "20210828", "20210828", "20210828", "20210828", "20210828", "20210828", "20210828", "20210828", "20210828", "20210828", "20210828", "20210828", "20210829", "20210829", "20210829", "20210829", "20210829", "20210829", "20210829", "20210829", "20210829", "20210829", "20210829", "20210829", "20210829", "20210829", "20210829", "20210829", "20210829", "20210829", "20210829", "20210829", "20210829", "20210829", "20210829", "20210829", "20210830", "20210830", "20210830", "20210830", "20210830", "20210830", "20210830", "20210830", "20210830", "20210830", "20210830", "20210830", "20210830", "20210830", "20210830", "20210830", "20210830", "20210830", "20210830", "20210830", "20210830", "20210830", "20210830", "20210830", "20210830", "20210830", "20210830", "20210830", "20210902", "20210902", "20210902", "20210902", "20210902", "20210907", "20210907", "20210907", "20210907", "20210907", "20210907", "20210907", "20210907", "20210907", "20210907", "20210907", "20210907", "20210907", "20210907", "20210907", "20210908", "20210908", "20210908", "20210908", "20210908", "20210908", "20210908", "20210908", "20210908", "20210908", "20210908", "20210908", "20210908", "20210908", "20210908", "20210908", "20210908", "20210908", "20210908", "20210908", "20210908", "20210908", "20210908", "20210908", "20210908", "20210908", "20210908", "20210908", "20210908", "20210908", "20210908", "20210911", "20210911", "20210911", "20210911", "20210911", "20210911", "20210911", "20210911", "20210911", "20210911", "20210911", "20210911", "20210911", "20210911", "20210911", "20210911", "20210911", "20210912", "20210912", "20210912", "20210912", "20210912", "20210912", "20210914", "20210915", "20210915", "20210915", "20210915"], "hours": [11, 11, 11, 11, 13, 13, 13, 13, 13, 13, 22, 22, 22, 22, 22, 22, 22, 22, 22, 22, 22, 22, 22, 0, 0, 0, 0, 0, 0, 0, 0, 0, 0, 0, 0, 0, 0, 10, 10, 10, 10, 10, 9, 9, 9, 3, 3, 3, 3, 3, 3, 3, 4, 4, 4, 4, 4, 4, 4, 4, 4, 20, 20, 20, 20, 20, 20, 20, 20, 20, 20, 20, 20, 20, 9, 9, 9, 10, 10, 10, 2, 2, 2, 2, 2, 2, 2, 2, 2, 2, 2, 2, 2, 2, 15, 15, 15, 17, 17, 17, 17, 17, 17, 17, 17, 17, 17, 17, 22, 22, 22, 22, 22, 22, 22, 22, 22, 22, 22, 22, 22, 22, 0, 0, 0, 0, 0, 0, 0, 0, 0, 0, 0, 0, 0, 0, 0, 0, 0, 0, 0, 0, 0, 0, 0, 0, 9, 9, 9, 9, 9, 9, 9, 10, 10, 10, 10, 10, 10, 10, 23, 23, 23, 23, 23, 23, 23, 23, 23, 23, 23, 23, 23, 23, 14, 14, 14, 14, 14, 9, 9, 10, 10, 22, 22, 22, 22, 22, 22, 22, 22, 22, 22, 22, 12, 12, 19, 19, 19, 19, 19, 19, 19, 19, 19, 19, 19, 19, 20, 20, 20, 20, 20, 20, 20, 20, 20, 20, 20, 20, 20, 20, 20, 20, 20, 0, 0, 0, 0, 0, 0, 0, 0, 0, 0, 0, 0, 0, 0, 0, 0, 0, 7, 7, 7, 16, 16, 16, 11, 10, 10, 14, 16], "unable_to_read": [["./Batch3/Fongoli/2021_18AOU_21SEP_FONGOLI_CAM2019_CARTE2033_801588_1400410/09140250.MP4", "./Batch3/Fongoli/2021_18AOU_21SEP_FONGOLI_CAM2019_CARTE2033_801588_1400410/09150253.MP4", "./Batch3/Fongoli/2021_18AOU_21SEP_FONGOLI_CAM2019_CARTE2033_801588_1400410/09150254.MP4", "./Batch3/Fongoli/2021_18AOU_21SEP_FONGOLI_CAM2019_CARTE2033_801588_1400410/09150256.MP4", "./Batch3/Fongoli/2021_18AOU_21SEP_FONGOLI_CAM2019_CARTE2033_801588_1400410/09150258.MP4"], []], "baboon_count": 0, "bushbuck_count": 0}