{"ct_days": 36, "ct_days_meaningful": 32, "utm": [800517, 1404434], "latlon": [12.689861842794302, -12.233135573551086], "count": [120, 86], "video_count": 206, "image_count": 0, "dates": ["20210815", "20210815", "20210815", "20210815", "20210815", "20210815", "20210816", "20210816", "20210817", "20210817", "20210817", "20210817", "20210817", "20210817", "20210818", "20210818", "20210818", "20210818", "20210818", "20210818", "20210819", "20210819", "20210820", "20210820", "20210820", "20210820", "20210820", "20210820", "20210820", "20210820", "20210820", "20210820", "20210820", "20210820", "20210820", "20210820", "20210820", "20210820", "20210822", "20210822", "20210822", "20210822", "20210822", "20210822", "20210822", "20210822", "20210822", "20210822", "20210822", "20210822", "20210822", "20210822", "20210822", "20210822", "20210822", "20210823", "20210823", "20210823", "20210823", "20210823", "20210823", "20210823", "20210823", "20210823", "20210823", "20210823", "20210823", "20210823", "20210824", "20210824", "20210826", "20210826", "20210827", "20210827", "20210827", "20210827", "20210827", "20210827", "20210827", "20210827", "20210827", "20210827", "20210827", "20210828", "20210828", "20210828", "20210828", "20210828", "20210828", "20210828", "20210828", "20210828", "20210828", "20210828", "20210828", "20210828", "20210828", "20210828", "20210829", "20210829", "20210829", "20210829", "20210829", "20210829", "20210829", "20210829", "20210829", "20210829", "20210829", "20210829", "20210829", "20210829", "20210829", "20210829", "20210829", "20210829", "20210830", "20210830", "20210831", "20210831", "20210831", "20210831", "20210831", "20210831", "20210831", "20210831", "20210831", "20210831", "20210831", "20210831", "20210831", "20210831", "20210831", "20210831", "20210831", "20210831", "20210831", "20210831", "20210831", "20210831", "20210831", "20210831", "20210831", "20210831", "20210831", "20210831", "20210831", "20210831", "20210901", "20210901", "20210902", "20210902", "20210902", "20210902", "20210902", "20210903", "20210903", "20210903", "20210903", "20210903", "20210903", "20210903", "20210903", "20210903", "20210903", "20210904", "20210904", "20210905", "20210905", "20210907", "20210907", "20210907", "20210908", "20210908", "20210909", "20210909", "20210910", "20210910", "20210910", "20210910", "20210910", "20210911", "20210911", "20210911", "20210911", "20210911", "20210913", "20210913", "20210913", "20210913", "20210913", "20210914", "20210914", "20210915", "20210915", "20210916", "20210916", "20210916", "20210916", "20210917", "20210917", "20210919", "20210919", "20210919", "20210919", "20210920"], "hours": [11, 11, 12, 12, 12, 12, 11, 11, 9, 9, 9, 19, 19, 19, 15, 15, 16, 16, 16, 16, 15, 15, 9, 9, 13, 22, 22, 22, 22, 22, 22, 22, 22, 22, 22, 22, 22, 22, 4, 4, 4, 4, 4, 4, 4, 4, 4, 4, 4, 4, 9, 9, 9, 13, 13, 1, 1, 1, 1, 1, 1, 1, 1, 1, 1, 9, 9, 9, 17, 17, 14, 14, 20, 20, 20, 20, 20, 20, 20, 20, 20, 20, 20, 0, 0, 0, 0, 1, 1, 1, 1, 1, 1, 1, 8, 8, 8, 16, 7, 7, 7, 7, 7, 7, 7, 7, 7, 7, 7, 7, 7, 7, 17, 17, 17, 17, 15, 15, 2, 2, 2, 2, 2, 2, 2, 2, 2, 2, 13, 13, 13, 13, 13, 13, 13, 13, 13, 13, 13, 13, 13, 13, 13, 13, 13, 13, 13, 13, 18, 18, 9, 9, 12, 12, 19, 9, 9, 13, 14, 14, 14, 14, 14, 14, 14, 12, 12, 15, 19, 10, 10, 14, 11, 13, 19, 19, 10, 10, 10, 14, 14, 13, 17, 17, 17, 17, 7, 7, 7, 12, 13, 12, 12, 12, 12, 12, 12, 13, 13, 14, 14, 8, 8, 8, 8, 13], "unable_to_read": [[], []]}