{"ct_days": 37, "ct_days_meaningful": 19, "utm": [802621, 1403459], "latlon": [12.680853009809464, -12.213875912624042], "count": [18, 10], "video_count": 28, "image_count": 0, "dates": ["20210815", "20210817", "20210818", "20210818", "20210823", "20210824", "20210829", "20210830", "20210901", "20210902", "20210903", "20210903", "20210904", "20210905", "20210905", "20210905", "20210907", "20210908", "20210910", "20210910", "20210912", "20210912", "20210912", "20210917", "20210917", "20210919", "20210921", "20210921"], "hours": [14, 1, 9, 9, 11, 10, 12, 1, 12, 23, 10, 10, 0, 2, 17, 17, 9, 14, 10, 10, 0, 2, 5, 8, 8, 12, 5, 15], "unable_to_read": [[], []]}