{"ct_days": 3, "ct_days_meaningful": 4, "utm": [802352, 1402536], "latlon": [12.672542230345263, -12.216441039704826], "count": [63, 186], "video_count": 249, "image_count": 0, "dates": ["20201228", "20201228", "20201228", "20201228", "20201228", "20201228", "20201228", "20201228", "20201228", "20201228", "20201228", "20201228", "20201228", "20201228", "20201228", "20201228", "20201228", "20201228", "20201228", "20201228", "20201228", "20201228", "20201228", "20201228", "20201228", "20201228", "20201228", "20201228", "20201228", "20201228", "20201228", "20201228", "20201228", "20201228", "20201228", "20201228", "20201228", "20201228", "20201228", "20201228", "20201228", "20201228", "20201228", "20201229", "20201229", "20201229", "20201229", "20201229", "20201229", "20201229", "20201229", "20201229", "20201229", "20201229", "20201229", "20201229", "20201229", "20201229", "20201229", "20201229", "20201229", "20201229", "20201229", "20201229", "20201229", "20201229", "20201229", "20201229", "20201229", "20201229", "20201229", "20201229", "20201229", "20201229", "20201229", "20201229", "20201229", "20201229", "20201229", "20201229", "20201229", "20201229", "20201229", "20201229", "20201229", "20201229", "20201229", "20201229", "20201229", "20201229", "20201229", "20201229", "20201229", "20201229", "20201229", "20201229", "20201229", "20201229", "20201229", "20201229", "20201229", "20201229", "20201229", "20201229", "20201229", "20201229", "20201229", "20201229", "20201229", "20201229", "20201229", "20201229", "20201229", "20201229", "20201229", "20201229", "20201229", "20201229", "20201229", "20201229", "20201229", "20201229", "20201229", "20201229", "20201229", "20201230", "20201230", "20201230", "20201230", "20201230", "20201230", "20201230", "20201230", "20201230", "20201230", "20201230", "20201230", "20201230", "20201230", "20201230", "20201230", "20201230", "20201230", "20201230", "20201230", "20201230", "20201230", "20201230", "20201230", "20201230", "20201230", "20201230", "20201230", "20201230", "20201230", "20201230", "20201230", "20201230", "20201230", "20201230", "20201230", "20201230", "20201230", "20201230", "20201230", "20201230", "20201230", "20201230", "20201230", "20201230", "20201230", "20201230", "20201230", "20201230", "20201230", "20201230", "20201230", "20201230", "20201230", "20201230", "20201230", "20201230", "20201230", "20201230", "20201230", "20201230", "20201230", "20201230", "20201230", "20201230", "20201230", "20201230", "20201230", "20201230", "20201230", "20201230", "20201230", "20201230", "20201230", "20201230", "20201230", "20201230", "20201230", "20201231", "20201231", "20201231", "20201231", "20201231", "20201231", "20201231", "20201231", "20201231", "20201231", "20201231", "20201231", "20201231", "20201231", "20201231", "20201231", "20201231", "20201231", "20201231", "20201231", "20201231", "20201231", "20201231", "20201231", "20201231", "20201231", "20201231", "20201231", "20201231", "20201231", "20201231", "20201231", "20201231", "20201231", "20201231", "20201231", "20201231", "20201231", "20201231", "20201231", "20201231", "20201231", "20201231", "20201231", "20201231", "20201231"], "hours": [12, 12, 12, 12, 12, 12, 12, 12, 12, 12, 12, 13, 13, 14, 14, 20, 20, 20, 20, 20, 20, 20, 20, 20, 20, 20, 20, 20, 20, 21, 21, 21, 21, 21, 21, 21, 21, 21, 21, 21, 21, 21, 21, 1, 1, 1, 1, 1, 1, 1, 1, 1, 1, 1, 1, 1, 1, 1, 1, 2, 2, 2, 2, 2, 2, 2, 2, 2, 2, 2, 2, 2, 2, 2, 2, 2, 3, 3, 3, 3, 3, 3, 3, 3, 3, 3, 3, 3, 3, 3, 3, 3, 3, 6, 6, 6, 6, 6, 6, 6, 6, 6, 6, 6, 6, 6, 6, 6, 6, 6, 6, 6, 6, 12, 12, 12, 12, 12, 12, 12, 12, 13, 13, 13, 13, 1, 1, 1, 1, 1, 1, 1, 1, 1, 1, 1, 1, 1, 1, 1, 1, 1, 1, 1, 3, 3, 3, 3, 3, 3, 3, 3, 3, 3, 3, 3, 3, 3, 3, 3, 3, 3, 5, 5, 5, 5, 5, 5, 5, 5, 5, 6, 6, 6, 6, 6, 6, 6, 6, 7, 7, 7, 7, 7, 7, 7, 7, 7, 7, 7, 12, 12, 12, 12, 12, 12, 12, 12, 13, 13, 13, 13, 13, 4, 4, 4, 4, 4, 4, 4, 4, 4, 4, 4, 4, 4, 4, 4, 4, 6, 6, 6, 6, 6, 6, 6, 6, 6, 6, 6, 6, 6, 6, 6, 6, 11, 11, 12, 12, 12, 12, 12, 12, 13, 13, 13, 13, 13, 20], "unable_to_read": [[], []]}