{"ct_days": 26, "ct_days_meaningful": 10, "utm": [800517, 1404434], "latlon": [12.689861842794302, -12.233135573551086], "count": [207, 234], "video_count": 441, "image_count": 0, "dates": ["20210815", "20210815", "20210815", "20210815", "20210815", "20210815", "20210815", "20210815", "20210815", "20210815", "20210815", "20210815", "20210815", "20210815", "20210815", "20210815", "20210815", "20210815", "20210815", "20210815", "20210815", "20210815", "20210815", "20210815", "20210815", "20210815", "20210815", "20210815", "20210815", "20210815", "20210815", "20210815", "20210815", "20210815", "20210815", "20210815", "20210815", "20210815", "20210815", "20210815", "20210815", "20210815", "20210815", "20210815", "20210815", "20210815", "20210815", "20210815", "20210815", "20210815", "20210815", "20210815", "20210815", "20210815", "20210815", "20210815", "20210818", "20210818", "20210818", "20210818", "20210818", "20210818", "20210818", "20210818", "20210818", "20210818", "20210818", "20210818", "20210818", "20210818", "20210818", "20210818", "20210818", "20210818", "20210818", "20210818", "20210818", "20210818", "20210818", "20210818", "20210818", "20210818", "20210818", "20210818", "20210818", "20210818", "20210818", "20210818", "20210818", "20210818", "20210818", "20210818", "20210818", "20210818", "20210818", "20210818", "20210818", "20210818", "20210818", "20210818", "20210822", "20210822", "20210822", "20210822", "20210822", "20210822", "20210822", "20210822", "20210822", "20210822", "20210822", "20210822", "20210822", "20210822", "20210822", "20210822", "20210822", "20210822", "20210822", "20210822", "20210822", "20210822", "20210822", "20210822", "20210822", "20210824", "20210824", "20210824", "20210824", "20210824", "20210824", "20210824", "20210824", "20210824", "20210824", "20210824", "20210824", "20210824", "20210824", "20210824", "20210824", "20210824", "20210824", "20210824", "20210824", "20210824", "20210824", "20210824", "20210824", "20210824", "20210824", "20210824", "20210824", "20210824", "20210824", "20210824", "20210824", "20210824", "20210824", "20210824", "20210824", "20210824", "20210824", "20210824", "20210824", "20210824", "20210824", "20210824", "20210824", "20210824", "20210824", "20210824", "20210824", "20210824", "20210824", "20210824", "20210824", "20210824", "20210824", "20210824", "20210824", "20210824", "20210824", "20210824", "20210824", "20210824", "20210824", "20210824", "20210826", "20210826", "20210826", "20210826", "20210826", "20210826", "20210826", "20210826", "20210826", "20210826", "20210826", "20210826", "20210826", "20210826", "20210826", "20210826", "20210826", "20210826", "20210826", "20210826", "20210826", "20210826", "20210826", "20210826", "20210826", "20210826", "20210826", "20210826", "20210826", "20210826", "20210826", "20210826", "20210827", "20210827", "20210827", "20210827", "20210827", "20210827", "20210827", "20210827", "20210827", "20210827", "20210827", "20210827", "20210827", "20210827", "20210827", "20210827", "20210827", "20210827", "20210827", "20210827", "20210827", "20210827", "20210827", "20210827", "20210827", "20210827", "20210827", "20210827", "20210827", "20210827", "20210827", "20210827", "20210827", "20210831", "20210831", "20210831", "20210831", "20210831", "20210831", "20210831", "20210831", "20210831", "20210831", "20210831", "20210831", "20210831", "20210831", "20210831", "20210831", "20210831", "20210831", "20210831", "20210831", "20210831", "20210831", "20210831", "20210831", "20210831", "20210831", "20210831", "20210831", "20210831", "20210831", "20210831", "20210831", "20210831", "20210831", "20210831", "20210831", "20210831", "20210831", "20210831", "20210831", "20210831", "20210831", "20210831", "20210831", "20210831", "20210831", "20210831", "20210831", "20210831", "20210831", "20210831", "20210831", "20210831", "20210831", "20210831", "20210831", "20210831", "20210831", "20210831", "20210831", "20210831", "20210831", "20210831", "20210904", "20210904", "20210904", "20210904", "20210904", "20210904", "20210904", "20210904", "20210904", "20210904", "20210904", "20210904", "20210904", "20210904", "20210904", "20210904", "20210904", "20210904", "20210904", "20210904", "20210904", "20210904", "20210904", "20210904", "20210904", "20210904", "20210904", "20210904", "20210904", "20210904", "20210904", "20210904", "20210904", "20210904", "20210904", "20210904", "20210904", "20210904", "20210904", "20210904", "20210905", "20210905", "20210905", "20210905", "20210905", "20210905", "20210905", "20210905", "20210905", "20210905", "20210905", "20210905", "20210905", "20210905", "20210905", "20210905", "20210905", "20210905", "20210905", "20210905", "20210905", "20210905", "20210905", "20210905", "20210905", "20210905", "20210905", "20210905", "20210905", "20210905", "20210905", "20210905", "20210905", "20210905", "20210905", "20210905", "20210905", "20210905", "20210905", "20210905", "20210905", "20210905", "20210905", "20210905", "20210905", "20210905", "20210905", "20210905", "20210905", "20210905", "20210905", "20210905", "20210905", "20210905", "20210905", "20210905", "20210905", "20210905", "20210905", "20210905", "20210905", "20210905", "20210905", "20210905", "20210905", "20210905", "20210905", "20210905", "20210905", "20210905", "20210905", "20210905", "20210910", "20210910", "20210910", "20210910", "20210910", "20210910", "20210910", "20210910", "20210910", "20210910", "20210910", "20210910", "20210910"], "hours": [11, 11, 12, 12, 12, 12, 12, 12, 12, 12, 12, 12, 12, 12, 12, 12, 12, 12, 12, 12, 12, 12, 12, 12, 12, 12, 12, 12, 12, 12, 12, 12, 12, 12, 12, 13, 13, 13, 13, 13, 13, 13, 13, 13, 13, 13, 13, 13, 13, 13, 13, 13, 13, 13, 13, 13, 15, 15, 15, 15, 15, 15, 15, 15, 15, 15, 15, 15, 16, 16, 16, 16, 16, 16, 16, 16, 16, 16, 16, 16, 16, 16, 16, 16, 16, 16, 16, 16, 16, 16, 16, 16, 16, 16, 16, 16, 16, 16, 16, 16, 13, 13, 13, 13, 13, 13, 13, 13, 13, 13, 13, 13, 13, 13, 13, 13, 13, 13, 13, 13, 13, 14, 14, 14, 14, 2, 2, 2, 2, 2, 2, 2, 2, 2, 2, 2, 2, 2, 2, 2, 2, 2, 2, 2, 2, 2, 2, 2, 2, 2, 2, 2, 2, 2, 2, 2, 2, 4, 4, 4, 4, 4, 4, 4, 4, 4, 4, 4, 4, 4, 4, 4, 4, 4, 4, 4, 4, 4, 4, 4, 4, 4, 4, 4, 4, 4, 4, 4, 22, 22, 22, 22, 22, 22, 22, 22, 22, 22, 22, 22, 22, 22, 22, 22, 22, 22, 22, 22, 22, 22, 22, 22, 22, 22, 22, 22, 22, 22, 22, 22, 0, 0, 0, 0, 0, 0, 0, 0, 0, 0, 0, 0, 0, 0, 0, 0, 0, 0, 0, 0, 0, 0, 0, 0, 0, 0, 0, 0, 0, 0, 0, 0, 0, 0, 0, 0, 0, 0, 0, 0, 0, 0, 0, 0, 0, 0, 0, 0, 0, 0, 0, 0, 0, 0, 0, 0, 0, 0, 0, 0, 0, 0, 6, 6, 6, 6, 6, 6, 6, 6, 6, 6, 6, 6, 6, 6, 6, 6, 6, 6, 6, 6, 6, 6, 6, 6, 6, 6, 6, 6, 6, 6, 6, 6, 6, 6, 2, 2, 2, 2, 2, 2, 2, 2, 2, 2, 2, 2, 2, 2, 2, 2, 2, 2, 2, 2, 2, 2, 2, 2, 2, 2, 2, 2, 2, 2, 2, 2, 2, 2, 2, 2, 2, 2, 2, 2, 9, 10, 10, 10, 10, 10, 10, 10, 10, 10, 10, 10, 10, 10, 10, 10, 10, 10, 10, 10, 10, 10, 10, 10, 10, 10, 10, 10, 10, 10, 10, 10, 10, 10, 10, 10, 10, 10, 10, 11, 11, 11, 11, 11, 11, 11, 11, 11, 11, 11, 11, 11, 11, 11, 11, 11, 11, 11, 11, 11, 11, 11, 11, 11, 11, 11, 11, 11, 11, 11, 12, 12, 9, 9, 9, 9, 9, 9, 9, 10, 10, 10, 10, 10, 10], "unable_to_read": [[], []]}