{"ct_days": 36, "ct_days_meaningful": 4, "utm": [801239, 1402582], "latlon": [12.67306474557368, -12.226674760522435], "count": [4, 2], "video_count": 6, "image_count": 0, "dates": ["20210815", "20210815", "20210816", "20210825", "20210825", "20210920"], "hours": [15, 15, 21, 9, 9, 11], "unable_to_read": [[], []]}