{"ct_days": 32, "ct_days_meaningful": 12, "utm": [802621, 1403459], "latlon": [12.680853009809464, -12.213875912624042], "count": [10, 13], "video_count": 23, "image_count": 0, "dates": ["20210815", "20210815", "20210815", "20210815", "20210820", "20210820", "20210823", "20210825", "20210825", "20210828", "20210830", "20210903", "20210906", "20210908", "20210908", "20210908", "20210908", "20210908", "20210909", "20210915", "20210916", "20210916", "20210916"], "hours": [14, 14, 17, 21, 9, 9, 16, 1, 5, 19, 23, 10, 5, 0, 2, 19, 19, 19, 22, 4, 12, 13, 13], "unable_to_read": [[], []]}