{"ct_days": 22, "ct_days_meaningful": 5, "utm": [801239, 1402582], "latlon": [12.67306474557368, -12.226674760522435], "count": [13, 3], "video_count": 16, "image_count": 0, "dates": ["20210818", "20210818", "20210818", "20210818", "20210818", "20210818", "20210903", "20210903", "20210903", "20210903", "20210903", "20210903", "20210904", "20210905", "20210909", "20210909"], "hours": [11, 11, 11, 11, 11, 11, 14, 14, 14, 14, 14, 14, 18, 8, 19, 19], "unable_to_read": [[], []]}