{"ct_days": 12, "ct_days_meaningful": 13, "utm": [800555, 1405391], "latlon": [12.69850212662553, -12.23269247981531], "count": [256, 9], "video_count": 265, "image_count": 0, "dates": ["20210815", "20210815", "20210815", "20210815", "20210815", "20210815", "20210815", "20210815", "20210815", "20210815", "20210815", "20210815", "20210815", "20210815", "20210815", "20210815", "20210815", "20210815", "20210815", "20210815", "20210815", "20210815", "20210815", "20210815", "20210815", "20210815", "20210815", "20210815", "20210815", "20210815", "20210815", "20210815", "20210815", "20210815", "20210815", "20210815", "20210815", "20210815", "20210815", "20210815", "20210815", "20210815", "20210815", "20210815", "20210815", "20210815", "20210815", "20210816", "20210816", "20210816", "20210816", "20210816", "20210817", "20210817", "20210817", "20210817", "20210817", "20210817", "20210817", "20210817", "20210817", "20210817", "20210817", "20210817", "20210817", "20210817", "20210817", "20210817", "20210817", "20210817", "20210817", "20210817", "20210817", "20210817", "20210817", "20210817", "20210817", "20210817", "20210817", "20210817", "20210817", "20210817", "20210817", "20210817", "20210817", "20210817", "20210817", "20210817", "20210817", "20210817", "20210817", "20210817", "20210818", "20210818", "20210818", "20210818", "20210818", "20210818", "20210818", "20210818", "20210818", "20210818", "20210818", "20210818", "20210818", "20210818", "20210818", "20210818", "20210819", "20210819", "20210819", "20210819", "20210819", "20210819", "20210819", "20210819", "20210819", "20210819", "20210819", "20210819", "20210819", "20210819", "20210819", "20210819", "20210819", "20210819", "20210820", "20210820", "20210820", "20210820", "20210820", "20210820", "20210820", "20210820", "20210820", "20210820", "20210820", "20210820", "20210820", "20210820", "20210820", "20210821", "20210821", "20210821", "20210821", "20210821", "20210821", "20210821", "20210821", "20210821", "20210821", "20210821", "20210821", "20210821", "20210821", "20210821", "20210821", "20210821", "20210821", "20210821", "20210821", "20210821", "20210821", "20210821", "20210821", "20210821", "20210821", "20210821", "20210821", "20210821", "20210821", "20210821", "20210821", "20210821", "20210821", "20210821", "20210821", "20210821", "20210821", "20210821", "20210821", "20210821", "20210821", "20210821", "20210821", "20210821", "20210821", "20210821", "20210821", "20210821", "20210821", "20210821", "20210821", "20210821", "20210821", "20210821", "20210821", "20210821", "20210821", "20210821", "20210821", "20210821", "20210821", "20210822", "20210822", "20210823", "20210823", "20210823", "20210823", "20210823", "20210823", "20210823", "20210823", "20210823", "20210823", "20210823", "20210823", "20210823", "20210823", "20210823", "20210823", "20210823", "20210823", "20210823", "20210823", "20210823", "20210823", "20210823", "20210823", "20210823", "20210823", "20210823", "20210823", "20210823", "20210823", "20210823", "20210823", "20210823", "20210823", "20210823", "20210823", "20210823", "20210823", "20210823", "20210823", "20210823", "20210823", "20210823", "20210823", "20210824", "20210824", "20210824", "20210824", "20210824", "20210824", "20210824", "20210825", "20210825", "20210825", "20210825", "20210825", "20210825", "20210825", "20210826", "20210827"], "hours": [13, 13, 14, 14, 14, 14, 14, 14, 14, 14, 14, 14, 14, 14, 14, 14, 14, 14, 14, 14, 14, 14, 14, 14, 14, 14, 14, 14, 15, 15, 15, 15, 15, 15, 15, 15, 15, 15, 15, 15, 16, 16, 16, 18, 18, 18, 18, 11, 11, 13, 16, 19, 15, 15, 15, 16, 16, 16, 17, 17, 17, 19, 20, 20, 20, 20, 20, 20, 21, 21, 21, 21, 21, 21, 21, 21, 21, 21, 21, 21, 21, 21, 21, 21, 22, 22, 22, 22, 22, 22, 22, 22, 13, 13, 13, 14, 14, 14, 14, 14, 14, 16, 17, 17, 17, 17, 17, 17, 15, 15, 15, 15, 15, 15, 15, 15, 15, 16, 16, 16, 16, 18, 20, 21, 21, 21, 12, 12, 12, 13, 13, 13, 13, 13, 13, 13, 13, 19, 19, 19, 19, 0, 0, 14, 14, 14, 15, 15, 16, 16, 16, 16, 16, 16, 16, 16, 16, 16, 16, 17, 17, 17, 17, 17, 17, 17, 17, 17, 17, 17, 17, 18, 18, 18, 18, 18, 18, 18, 19, 19, 19, 19, 19, 19, 19, 19, 19, 19, 19, 19, 19, 19, 19, 19, 19, 20, 20, 20, 20, 20, 20, 20, 21, 15, 23, 10, 10, 15, 15, 15, 15, 15, 15, 15, 15, 16, 16, 16, 17, 17, 17, 17, 17, 17, 17, 17, 17, 17, 17, 17, 17, 17, 18, 18, 18, 18, 18, 18, 18, 18, 18, 18, 18, 18, 18, 18, 18, 18, 18, 13, 14, 15, 17, 17, 19, 19, 13, 15, 15, 16, 16, 20, 20, 17, 16], "unable_to_read": [[], []]}