{"ct_days": 7, "ct_days_meaningful": 8, "utm": [806676, 1401224], "latlon": [12.660272831736728, -12.17679700058559], "count": [125, 64], "video_count": 189, "image_count": 0, "dates": ["20210101", "20210101", "20210101", "20210101", "20210101", "20210101", "20210101", "20210101", "20210101", "20210101", "20210101", "20210101", "20210101", "20210101", "20210101", "20210101", "20210101", "20210101", "20210101", "20210101", "20210101", "20210102", "20210102", "20210102", "20210102", "20210102", "20210102", "20210102", "20210102", "20210102", "20210102", "20210102", "20210102", "20210102", "20210102", "20210102", "20210102", "20210102", "20210102", "20210102", "20210102", "20210102", "20210102", "20210102", "20210102", "20210102", "20210102", "20210102", "20210102", "20210102", "20210102", "20210102", "20210102", "20210102", "20210102", "20210102", "20210102", "20210102", "20210102", "20210102", "20210102", "20210102", "20210102", "20210102", "20210102", "20210102", "20210102", "20210102", "20210102", "20210102", "20210102", "20210102", "20210102", "20210102", "20210102", "20210102", "20210103", "20210103", "20210103", "20210103", "20210103", "20210103", "20210103", "20210103", "20210103", "20210103", "20210103", "20210103", "20210103", "20210103", "20210103", "20210103", "20210103", "20210103", "20210103", "20210103", "20210103", "20210103", "20210103", "20210103", "20210103", "20210103", "20210104", "20210104", "20210104", "20210104", "20210104", "20210104", "20210104", "20210104", "20210104", "20210104", "20210104", "20210104", "20210104", "20210104", "20210104", "20210104", "20210104", "20210104", "20210104", "20210104", "20210104", "20210104", "20210104", "20210105", "20210105", "20210105", "20210105", "20210105", "20210105", "20210105", "20210105", "20210105", "20210105", "20210105", "20210105", "20210105", "20210105", "20210105", "20210105", "20210105", "20210105", "20210105", "20210105", "20210105", "20210105", "20210105", "20210105", "20210106", "20210106", "20210106", "20210106", "20210106", "20210106", "20210106", "20210106", "20210106", "20210106", "20210106", "20210106", "20210106", "20210106", "20210106", "20210106", "20210106", "20210107", "20210107", "20210107", "20210107", "20210107", "20210107", "20210107", "20210107", "20210107", "20210107", "20210107", "20210107", "20210107", "20210107", "20210107", "20210107", "20210107", "20210107", "20210107", "20210107", "20210107", "20210107", "20210108"], "hours": [11, 11, 11, 11, 12, 12, 12, 12, 13, 13, 13, 13, 13, 14, 14, 14, 14, 14, 14, 14, 14, 6, 6, 6, 6, 6, 6, 6, 6, 6, 6, 6, 6, 6, 6, 6, 6, 6, 6, 7, 7, 7, 7, 7, 7, 7, 7, 7, 7, 7, 7, 7, 7, 7, 7, 7, 7, 7, 7, 7, 7, 8, 8, 8, 8, 8, 12, 12, 12, 12, 12, 13, 13, 13, 14, 14, 2, 2, 2, 2, 2, 2, 2, 2, 2, 2, 2, 2, 2, 2, 2, 11, 12, 12, 12, 13, 13, 13, 13, 13, 14, 14, 0, 0, 0, 0, 0, 0, 0, 0, 0, 0, 0, 0, 0, 0, 12, 13, 13, 13, 13, 13, 13, 14, 19, 11, 11, 11, 11, 12, 12, 12, 12, 12, 12, 12, 12, 13, 13, 13, 13, 13, 13, 13, 14, 14, 14, 14, 14, 8, 8, 8, 9, 9, 9, 10, 10, 12, 12, 13, 14, 14, 14, 14, 14, 15, 10, 11, 11, 11, 11, 11, 12, 12, 12, 12, 12, 12, 13, 13, 13, 13, 13, 13, 13, 13, 14, 14, 10], "unable_to_read": [[], []]}